<?xml version="1.0" encoding="utf-8" standalone="no"?>
<manifest identifier="00" version="1" xmlns:adlnav="http://www.adlnet.org/xsd/adlnav_v1p3" xmlns="http://www.imsglobal.org/xsd/imscp_v1p1" xmlns:adlseq="http://www.adlnet.org/xsd/adlseq_v1p3" xmlns:imsss="http://www.imsglobal.org/xsd/imsss" xmlns:adlcp="http://www.adlnet.org/xsd/adlcp_v1p3" xmlns:xsi="http://www.w3.org/2001/XMLSchema-instance" xsi:schemaLocation="http://www.imsglobal.org/xsd/imscp_v1p1 imscp_v1p1.xsd http://www.adlnet.org/xsd/adlcp_v1p3 adlcp_v1p3.xsd http://www.adlnet.org/xsd/adlseq_v1p3 adlseq_v1p3.xsd http://www.adlnet.org/xsd/adlnav_v1p3 adlnav_v1p3.xsd http://www.imsglobal.org/xsd/imsss imsss_v1p0.xsd">
  <metadata>
    <schema>ADL SCORM</schema>
    <schemaversion>2004 4th Edition</schemaversion>
    <adlcp:location>metadata.xml</adlcp:location>
  </metadata>
  <organizations default="Showpad">
    <organization identifier="Showpad">
      <title>SCORM Test Application</title>
      <item identifier="item_00" identifierref="resource_00">
        <title>SCORM Test Application</title>
        <imsss:sequencing>
          <imsss:objectives>
            <imsss:primaryObjective objectiveID="PRIMARYOBJ" satisfiedByMeasure="true">
              <imsss:minNormalizedMeasure>0.8</imsss:minNormalizedMeasure>
            </imsss:primaryObjective>
          </imsss:objectives>
          <imsss:deliveryControls completionSetByContent="true" objectiveSetByContent="true"/>
        </imsss:sequencing>
        <metadata>
          <schema>ADL SCORM</schema>
          <schemaversion>2004 4th Edition</schemaversion>
          <adlcp:location>metadata.xml</adlcp:location>
        </metadata>
      </item>
      <metadata>
        <schema>ADL SCORM</schema>
        <schemaversion>2004 4th Edition</schemaversion>
        <adlcp:location>metadata.xml</adlcp:location>
      </metadata>
      <imsss:sequencing>
        <imsss:controlMode choice="true" flow="true"/>
      </imsss:sequencing>
    </organization>
  </organizations>
  <resources>
    <metadata>
      <schema>ADL SCORM</schema>
      <schemaversion>2004 4th Edition</schemaversion>
      <adlcp:location>metadata.xml</adlcp:location>
    </metadata>
    <resource identifier="resource_00" type="webcontent" href="index.html" adlcp:scormType="sco">
      <metadata>
        <schema>ADL SCORM</schema>
        <schemaversion>2004 4th Edition</schemaversion>
        <adlcp:location>metadata.xml</adlcp:location>
      </metadata>
      <file href="3rdpartylicenses.txt"/>
      <file href="favicon.ico"/>
      <file href="index.html"/>
      <file href="main.621d0d6311d79d9d.js"/>
      <file href="polyfills.16452732d3acc358.js"/>
      <file href="runtime.53907c3ebae59ed9.js"/>
      <file href="styles.8397441fe2ece08b.css"/>
    </resource>
  </resources>
</manifest>